Actual,Linear Regression,SVR,Random Forest,XGBoost
68,68.365234375,68.41887198255058,67.86666666666666,68.29507
65,64.6953125,64.9537908495797,63.6,64.49353
69,68.650390625,68.37837338278027,67.97666666666667,68.49597
74,73.533203125,73.56143260943487,71.62333333333333,73.26102
68,67.779296875,67.77520585402111,68.36,68.048485
68,68.0390625,68.1677318723532,65.78666666666666,68.080086
65,64.744140625,64.56673400259645,63.35,64.742455
67,66.802734375,66.94270711671248,66.54069088319089,66.776665
67,67.44921875,67.63094835817061,67.09666666666666,67.02032
67,67.2578125,67.76377583959675,66.80666666666667,67.092636
62,62.478515625,63.31152739942131,63.36,62.401165
70,69.833984375,69.92600973326908,68.59333333333333,69.93082
71,70.462890625,70.43141812958369,69.18333333333334,70.606766
65,65.111328125,65.05280094651559,65.53666666666666,64.96822
65,65.017578125,65.42397162113349,65.42644444444444,64.57353
65,64.595703125,64.70762327703633,63.57,64.43481
65,64.810546875,64.92330603860361,64.42666666666666,64.74551
66,66.2109375,66.16678621169422,65.55166666666666,66.35694
65,64.982421875,64.78605904356968,63.4,64.525986
68,68.251953125,68.19283075891036,67.39333333333333,68.3952
69,69.39453125,69.47471385230996,68.17666666666666,69.5259
72,71.958984375,71.8535000618411,71.16,71.57926
62,61.8046875,62.194688747122804,63.903333333333336,61.431545
75,75.5625,74.84758135862515,72.98666666666666,75.272194
65,64.662109375,64.75383022870894,63.82777777777778,64.46831
67,67.193359375,67.1684521830358,66.72,66.80116
68,68.181640625,67.83185584275908,66.00666666666666,67.61916
71,70.91015625,71.0792580880354,70.05333333333333,70.657005
64,64.095703125,64.0256524435076,63.45666666666666,64.00304
68,68.517578125,68.54418484110609,68.97333333333333,68.67434
68,67.615234375,67.15243288011386,66.95333333333333,67.57844
70,70.12109375,70.4394727155281,71.11,70.31895
71,70.84375,71.1766920672657,70.19666666666667,71.52667
61,60.880859375,61.02145577173679,61.92666666666667,60.722565
67,67.166015625,67.27005474089513,67.4,67.35218
69,69.251953125,69.11329563164,71.62333333333333,70.13224
70,70.302734375,70.17118293626481,71.14,69.808235
68,67.490234375,67.8781718411943,68.29333333333334,67.77051
65,65.43359375,65.34195812468549,66.12666666666667,65.29621
66,65.8828125,65.7661180665754,66.32666666666667,65.877525
69,68.51953125,68.78525984908833,67.81666666666666,68.18989
68,68.296875,68.30023368921499,67.97888888888887,68.31863
72,72.00390625,71.9550643419522,71.60333333333334,72.35676
67,67.322265625,67.14159968928624,65.84,67.2892
69,69.224609375,69.05532903090753,67.94333333333333,68.96463
69,68.587890625,68.58211559069284,67.95,68.23753
71,71.259765625,71.03534543997964,72.13,71.27283
66,66.078125,66.21093407115806,64.54,65.92201
68,67.89453125,67.82396116344282,67.83666666666667,68.06469
67,67.666015625,67.71896679662284,68.88666666666667,67.85704
72,71.98046875,71.92441465479398,70.87333333333333,71.74713
68,68.40625,68.67730965537004,67.87,67.60329
67,67.26953125,67.05458919603912,67.99,67.60951
65,64.658203125,64.49456112511714,64.68666666666667,64.65149
63,63.2421875,63.003207254501774,64.63666666666667,63.46383
67,67.419921875,67.38333067618929,68.03333333333333,67.28139
66,66.349609375,65.66382538028016,65.24,66.207146
68,67.384765625,67.83159436456437,65.97,67.02091
61,61.125,60.46116442959599,62.18333333333333,61.639286
67,67.0234375,67.61701240695615,68.78,66.66356
66,65.7578125,65.81756658192393,64.47666666666667,65.70733
70,69.9375,69.98651964168364,69.49333333333334,69.79253
72,71.712890625,72.07936671278742,71.24,71.701805
69,69.287109375,69.45672958975095,67.75,68.801735
66,65.962890625,65.99221040061363,65.04666666666667,66.03055
71,71.525390625,71.33744185756795,70.58666666666667,71.23798
66,65.548828125,65.74119205670887,65.62,65.79138
62,61.865234375,62.012321336390144,61.053333333333335,62.170147
67,67.1171875,67.10687168228979,68.50666666666666,67.15037
70,70.27734375,70.12693259165071,70.9,70.33734
62,62.345703125,62.67043667174988,62.85666666666667,61.89065
64,64.068359375,63.86505679239526,64.06666666666666,63.98903
66,65.580078125,65.49148560219328,64.96333333333334,65.77276
68,68.169921875,68.10787339885437,68.80333333333333,67.98637
65,65.283203125,65.20819231366713,65.75666666666666,65.64767
72,71.5546875,71.31065459680636,70.53666666666666,71.46531
65,64.98828125,65.20900894452694,64.51,65.353745
68,67.43359375,67.33279606198302,67.57333333333334,67.62304
69,69.26953125,69.48569150771606,69.97,68.96746
69,68.68359375,68.65755103237004,68.7,69.29083
68,67.857421875,67.60577694851014,68.39333333333333,67.62398
66,66.091796875,66.26581875929418,65.46666666666667,66.12437
65,65.083984375,64.94854295762045,65.06666666666666,64.73298
66,66.283203125,66.01514119071122,67.51333333333334,66.80213
70,70.20703125,70.56719130974682,70.0,70.586555
66,66.455078125,66.30708634021217,67.89,66.47004
62,62.138671875,62.10190464473624,63.49333333333333,62.269196
65,64.869140625,64.80358678774584,64.47666666666667,64.25325
63,63.2578125,63.60683207915114,63.986666666666665,63.685577
67,67.2734375,67.26051176013193,67.54666666666667,67.236694
73,72.97265625,73.06036061688548,72.43,73.08554
73,72.38671875,72.44854231830965,71.22333333333333,72.32999
67,67.294921875,67.27183676419497,67.70666666666666,66.89198
74,73.427734375,72.9861455712921,72.33,73.319626
68,68.033203125,68.03258219224222,66.84666666666666,68.0347
69,68.779296875,68.73011240451923,67.59,68.980965
62,62.388671875,62.24345437584639,63.833333333333336,62.739754
63,62.763671875,62.62215294305588,61.99,62.581333
67,67.125,67.03304256084694,66.95,67.38066
67,66.638671875,66.89550616515945,65.85333333333334,67.03
64,63.673828125,63.56063669422796,65.48333333333333,64.12107
67,66.083984375,66.0296804858136,65.74,65.81725
72,71.748046875,71.73271640790624,70.32333333333334,71.65869
66,66.017578125,66.10079791417684,65.33,66.09254
67,67.326171875,67.03736648319996,67.66,67.448685
67,66.912109375,66.88541260742163,66.80666666666667,66.86618
67,66.888671875,66.2080470575479,67.39666666666666,66.773575
73,72.787109375,72.69001539805153,70.79666666666667,72.71608
67,67.38671875,67.39105739275878,68.14,67.46273
68,68.240234375,68.05674180379022,68.86666666666666,68.13744
67,67.080078125,67.38739636267945,66.95,67.11662
67,66.45703125,66.32676013241989,66.49333333333334,66.12426
66,65.412109375,65.16205423174559,65.77666666666667,65.57577
63,63.068359375,63.009276671277995,64.16,62.9747
63,62.716796875,62.87654715176768,63.91,62.73069
72,71.90625,71.72859011196033,70.60333333333334,72.1242
68,68.05078125,68.09646967484811,68.62,68.49537
69,69.48828125,69.52385745583219,68.93666666666667,69.50847
68,68.55859375,68.51249797488332,68.56333333333333,68.57594
71,71.212890625,71.26935706836366,70.99333333333334,71.03248
75,74.439453125,74.43158773026876,73.17,74.45468
71,70.5546875,70.89997874333892,70.22666666666667,71.029305
66,65.8984375,65.71332633388323,65.44333333333333,65.662575
68,68.1015625,68.13313230934503,69.54,68.215805
66,65.966796875,66.06782505060319,66.13,65.853
69,69.388671875,69.23690449608995,68.60666666666667,68.918625
63,62.646484375,62.29548080185906,63.11333333333334,62.69769
68,68.294921875,68.14420931254438,69.59,68.26491
63,63.193359375,63.15346625722931,63.693333333333335,63.11494
70,70.44921875,70.20399842033396,71.27666666666667,70.014366
65,65.009765625,65.3791135619411,64.9,65.10194
66,66.189453125,66.51022534419734,67.65666666666667,66.23091
71,70.607421875,70.35538479300908,71.07333333333334,70.63121
70,70.7734375,71.03977691254178,68.67666666666666,70.459465
64,63.88671875,64.0265910061594,64.57,63.79109
63,63.337890625,62.73435182854445,63.71666666666667,63.43552
69,68.779296875,69.00106842875019,68.64,68.961784
68,68.15234375,67.95851429772489,68.60666666666667,68.59255
60,59.994140625,60.00936024784624,61.93,60.36062
68,67.921875,68.07545337321443,68.39666666666666,68.0393
67,66.630859375,66.25596417219349,66.47333333333333,66.77724
69,68.681640625,68.54940247528694,66.66666666666667,68.62736
65,64.9609375,64.7425017455687,64.66,65.36146
74,73.623046875,74.3215802960253,72.96333333333334,73.58152
64,63.17578125,62.85429488177327,63.49,63.676388
64,63.849609375,63.58242291047507,65.07,63.913334
62,62.54296875,62.77851924818123,61.92,62.172565
71,71.181640625,70.62700614432771,71.38333333333334,71.542786
66,66.208984375,65.89765082366402,66.25645833333333,66.03643
70,70.103515625,70.4807902822883,69.94,70.20341
68,67.90234375,67.64582555708587,67.69333333333333,67.81304
73,73.541015625,73.6163597982108,72.33333333333333,73.35285
72,72.642578125,72.23214880952231,72.0,72.32625
71,71.19140625,71.42212600821532,71.01333333333334,70.933525
69,68.78515625,68.56397044685976,68.36333333333333,68.85094
68,68.607421875,68.69094003495404,67.64333333333333,68.40677
65,64.798828125,64.64029983079044,64.7,64.4221
64,64.337890625,64.29709174110366,64.59,64.375786
75,75.365234375,75.7796237020301,73.24666666666667,75.21946
68,67.830078125,68.17500392402715,68.77333333333333,67.63984
65,65.576171875,65.44969752169446,65.41,65.27019
62,62.53125,61.920847784570796,62.49666666666667,62.710503
63,62.955078125,63.25583716843813,63.41,63.151596
69,68.99609375,69.01113908572742,69.31,69.06026
68,68.23046875,68.32577529844643,69.60666666666667,68.55582
66,66.375,66.47469051619498,66.94333333333333,66.21538
68,67.73828125,67.5643887496035,68.74333333333334,67.65468
64,63.4765625,63.599383610702844,64.34,63.860363
66,66.31640625,66.1233138108293,66.98,66.58592
72,72.056640625,71.86831153589706,70.25,71.99157
70,70.099609375,70.00535149023352,70.29333333333334,70.30023
71,71.21484375,71.32427481622406,70.16666666666667,71.15593
61,61.49609375,61.657408729724736,61.946666666666665,61.82776
66,65.771484375,65.60605743561628,65.85666666666667,65.58825
68,68.345703125,67.71189185955258,69.78,68.420456
66,65.9296875,65.9701442579397,66.25666666666666,65.929756
68,67.974609375,67.80157526685348,68.24333333333334,67.973976
62,61.81640625,62.109074318658415,62.60333333333333,61.23836
71,71.232421875,71.71328047139497,69.79,71.42744
64,63.67578125,64.1873983845975,64.71,63.552612
65,65.150390625,65.32892033141582,65.24333333333334,64.657875
69,69.755859375,69.68911996250232,68.35,69.554596
65,65.49609375,65.76139413592479,65.09333333333333,65.550095
69,68.787109375,68.8392906548356,68.2,68.66686
74,74.498046875,74.49170135109507,72.63666666666667,73.89266
70,70.50390625,69.80599889866315,71.22666666666667,70.951
62,62.271484375,61.851578308055814,63.44,62.226677
68,68.26171875,68.21519678804086,68.46666666666667,68.15967
71,71.189453125,70.93293190814964,69.51666666666667,71.021614
68,68.185546875,68.12438293016363,66.75666666666666,67.66112
65,64.73828125,65.0042192172327,65.16666666666667,64.50186
69,69.60546875,69.68507470294446,70.10333333333334,69.791626
66,65.96875,66.11325649874615,66.82333333333334,66.02024
69,69.494140625,69.34420808127241,70.04666666666667,69.57142
64,63.947265625,63.69708398625359,64.07333333333334,63.996243
66,65.232421875,65.21186561393021,64.66666666666667,64.811966
67,66.92578125,67.11631283814306,66.21333333333334,66.64353
65,65.109375,65.27742895526359,63.986666666666665,64.50965
67,67.0625,66.94627610278083,66.65333333333334,66.832405
68,67.916015625,67.83767619392768,66.86645833333333,67.74922
73,73.36328125,73.58241991285252,73.29,73.497894
70,70.3359375,69.8304127573344,69.70666666666666,70.2036
69,68.97265625,68.97370468463622,69.48,68.92407
63,63.494140625,63.62343678810288,63.69,63.184063
65,65.3125,65.23978837031618,65.39708333333333,65.395744
66,66.23828125,66.2655696779637,66.68333333333334,66.0957
64,63.767578125,63.88282993386188,63.79,63.940773
66,65.703125,65.44462812896626,65.08444444444444,64.98991
67,67.5234375,67.522192936938,67.75,67.10972
66,65.671875,65.29101205094783,65.2,65.34984
65,65.412109375,65.40651178248173,67.89333333333333,65.54919
70,70.103515625,69.7042002682157,69.25,70.3097
69,68.578125,68.51143397146873,68.17,68.414925
72,71.849609375,71.96079583582136,72.6,71.63169
64,63.39453125,63.57175839406948,63.806666666666665,63.243904
69,68.51953125,68.56327975629927,67.37666666666667,68.579765
68,67.78125,68.14378603154209,66.01333333333334,67.67271
63,62.404296875,62.05344551998475,64.41333333333333,62.64871
69,68.912109375,68.7359893411678,68.3,68.8878
68,68.404296875,68.45464336792178,67.17666666666666,68.27299
63,63.181640625,62.71213687783108,65.22666666666667,63.302654
65,65.431640625,65.53533677049768,64.97666666666667,65.51012
70,70.216796875,70.2880022818906,70.80666666666667,70.01036
70,69.79296875,69.98028764693245,69.65166666666667,69.925606
66,65.70703125,65.40396555611402,66.87333333333333,66.11357
63,63.021484375,63.05292066980241,64.87333333333333,63.648937
66,66.537109375,66.43848011435806,66.73,66.6396
64,63.72265625,63.63116839019498,64.15333333333334,63.55697
71,70.83984375,70.59692710500669,70.13,70.83994
74,73.921875,73.499191414037,72.0,73.680046
66,66.4453125,66.56936359182885,64.68,66.09811
72,72.2890625,72.1532978673878,70.30333333333333,71.776436
66,66.228515625,66.1990015225907,65.51666666666667,66.047226
64,64.197265625,64.10318700832795,65.37333333333333,63.920544
63,62.8515625,62.5822843550535,64.12333333333333,62.789894
66,65.337890625,65.18981105416746,65.96,65.76001
65,65.509765625,65.84853303050016,67.07666666666667,66.00565
72,71.6484375,71.39176340987461,71.34666666666666,71.47817
71,70.779296875,70.29630230013873,70.37,70.99363
60,60.173828125,60.9470994367735,62.71333333333333,60.161926
64,63.595703125,63.75304597321178,64.61,63.590096
68,68.1328125,67.33090836743813,68.01666666666667,67.70418
62,61.71875,61.82736204010989,63.53,62.20605
68,67.630859375,67.54482370825872,68.28666666666666,68.133514
65,64.802734375,65.09914775009864,67.60333333333334,65.31022
71,71.294921875,71.79672448327518,71.78666666666666,71.63246
69,68.751953125,68.60607347910695,68.61333333333333,68.73743
66,65.95703125,66.04822924193918,65.83,65.65559
63,63.04296875,62.855130238257,63.99,62.72966
64,64.517578125,64.585257536912,63.093333333333334,64.160545
66,65.982421875,65.94537629039435,64.62666666666667,65.955124
63,62.8984375,62.80301051834975,63.92666666666667,63.01087
67,66.52734375,66.37777887350799,66.66,66.67823
69,68.85546875,69.0531771502322,69.18666666666667,68.65563
63,63.294921875,63.496673580566934,64.46,63.18027
68,68.58984375,68.6349682039509,68.56333333333333,68.749
66,66.04296875,66.1631044421465,65.65333333333334,66.09784
74,74.51953125,74.24319475987723,73.53,74.00645
69,68.912109375,68.76105663341451,67.92333333333333,68.412186
69,68.763671875,69.05284146589251,69.60666666666667,68.907196
69,68.97265625,68.83871237549418,70.74333333333334,69.137375
67,67.38671875,67.14007774322539,67.33,67.04755
69,69.369140625,69.26609580649567,69.37666666666667,69.10853
66,66.390625,66.38120754988469,66.66,66.49918
67,66.94921875,67.05951981346395,66.9,66.937614
72,72.35546875,72.2159130651639,72.24,72.62153
71,71.09375,71.53597933127803,70.59666666666666,70.902176
72,72.107421875,72.52513956204592,71.45333333333333,72.22001
67,67.294921875,67.02032820361742,66.77333333333333,67.65553
65,64.322265625,64.45806571948701,63.96,64.28645
68,68.2109375,68.51318902531197,68.89666666666666,68.36621
66,65.787109375,65.57013522848483,64.61333333333333,65.648476
66,66.072265625,66.19986986131718,65.59333333333333,66.0518
62,62.03125,62.20647637281266,63.15,61.880764
64,64.365234375,64.47259887441514,63.843333333333334,64.76449
66,65.458984375,65.41932626054377,65.48416666666667,65.31008
61,60.646484375,60.56001559837347,61.763333333333335,61.197155
66,66.18359375,66.40868001630797,65.30708333333334,66.17899
63,62.92578125,62.788218145882595,62.35333333333333,63.05028
67,67.2109375,67.03928971383114,66.99,67.09012
74,73.369140625,73.29907231433582,71.13,73.45316
66,65.65625,65.81420763595914,67.41,65.7245
68,67.87109375,67.75591104255241,66.91,67.687195
64,64.509765625,64.90584160599239,65.48333333333333,63.86193
71,70.537109375,70.9975670681127,70.26333333333334,70.64716
67,66.578125,66.52457030475125,66.86333333333333,66.39174
64,64.408203125,65.09400157299348,62.72,64.639595
64,64.3359375,64.79252313353952,65.98333333333333,64.043915
69,69.212890625,69.36531195690507,68.8,69.49109
65,64.951171875,64.67959488645754,65.08666666666667,64.92086
62,62.3671875,62.12289543205805,62.49666666666667,62.345814
67,67.26171875,67.32234103379047,68.32666666666667,67.2184
71,70.322265625,70.21586960820488,69.79666666666667,70.43057
63,62.9296875,62.83957433513028,63.39703703703703,62.946938
66,66.08203125,65.95687174310436,66.87666666666667,66.15181
72,71.650390625,71.63403642404184,70.48,71.56
70,70.001953125,69.96183674757465,70.33666666666667,70.37105
67,67.15625,67.17156061258366,66.97666666666667,66.89901
62,62.4140625,62.062534664738564,62.61333333333334,62.598724
61,61.45703125,61.09028302654717,61.94,60.89403
64,63.822265625,63.8239734220132,62.666666666666664,63.74957
61,61.21484375,61.25793278977093,62.336666666666666,60.968307
64,63.892578125,64.06440077460468,64.24222222222221,63.92238
66,66.712890625,67.08325065255507,67.11,66.70952
65,64.80859375,64.70821380081854,64.4,65.07213
69,69.04296875,69.3514913130476,68.51666666666667,68.98756
69,68.95703125,68.98485736484803,69.07,68.66683
62,61.78125,61.41604917359011,63.583333333333336,61.307594
68,68.185546875,68.14441700349111,66.83333333333333,68.1536
64,63.841796875,63.82108872717849,63.35,63.66882
68,68.4296875,68.34141638455624,68.75333333333333,68.13799
68,68.130859375,68.33649428387132,69.09333333333333,68.41846
61,61.357421875,61.13712182787092,61.806666666666665,61.39309
68,67.447265625,67.28787980727604,66.22708333333334,67.085526
67,66.84375,66.89510869273008,66.04,66.97814
59,58.87890625,58.920512326359116,60.99666666666667,59.22356
67,67.37890625,67.24136951779647,67.58666666666667,67.391075
62,62.310546875,62.67647648143753,64.89666666666666,62.142456
66,65.611328125,65.46471176367818,65.32666666666667,65.74119
67,67.54296875,67.7899876000487,68.07666666666667,67.59686
65,64.6171875,64.42145011222377,65.86333333333333,64.45678
72,71.5859375,71.7086353012975,70.39333333333333,71.642845
66,65.52734375,65.53811402230296,65.37,65.46941
65,64.28515625,64.78947602804655,64.92,63.834057
64,63.94921875,64.02129020347853,62.63,63.948463
65,64.736328125,64.6933780378923,64.30666666666667,64.834915
65,65.544921875,65.71084378735982,66.29333333333334,65.47452
59,59.0546875,59.27242991562359,61.44,58.938065
68,67.82421875,67.3862154335893,68.79,67.88151
67,67.458984375,67.558397049208,67.69333333333333,66.85267
67,67.771484375,67.53248198006764,67.41333333333333,67.87123
75,74.77734375,74.60413147615279,73.99333333333334,75.19589
70,70.02734375,70.09302064474063,70.31,69.736725
67,67.390625,66.989002996957,68.28666666666666,66.97311
64,64.34765625,64.28698286476808,64.63666666666667,64.7503
73,72.607421875,72.45297896193345,71.51333333333334,72.363884
67,67.189453125,67.11574717953523,67.71666666666667,67.050224
65,65.1015625,65.02301784372156,67.06333333333333,64.987946
71,71.498046875,71.35728741669523,71.55,71.81204
70,69.75390625,69.99503769081487,70.11333333333333,69.5792
66,66.11328125,66.12522507495092,67.11,66.231224
60,59.9765625,60.28623937168899,60.68,60.06183
66,65.833984375,65.86644792972822,64.67333333333333,65.55683
61,60.546875,60.38495135313868,61.17666666666667,60.799995
70,69.451171875,69.37604636507278,70.15,69.4473
68,67.732421875,67.33614004695477,68.39333333333333,67.42469
64,64.26953125,63.973981577094584,64.66666666666667,64.371124
70,69.92578125,70.01342897266821,68.68,69.887054
67,66.9140625,66.9250682422621,67.02,66.446915
68,67.771484375,67.93397886652565,67.05666666666667,67.719765
64,64.533203125,64.62333499538941,64.51666666666667,64.29872
68,67.607421875,67.70230564003762,66.5,67.6005
63,62.84375,63.3411453261405,63.29333333333334,63.958904
71,71.146484375,70.80688706901975,71.99,70.85099
69,69.52734375,69.72828929668184,70.16666666666667,69.341125
67,66.609375,66.48652676087814,65.12,66.59246
66,65.95703125,65.67709085737481,66.79333333333334,66.48322
68,67.49609375,67.3132733215721,67.93,67.68622
74,74.142578125,74.13098146451655,73.72666666666667,74.36829
69,69.005859375,69.10869404024778,70.47333333333333,69.02139
68,67.87890625,68.18443356723432,67.10333333333334,68.16157
64,63.935546875,64.11304451847481,63.846666666666664,63.726494
67,67.015625,67.23747041410434,66.12666666666667,66.71976
71,71.087890625,71.15055488345867,70.33666666666667,71.36664
69,69.2578125,69.50008539727874,68.38666666666667,69.39754
59,59.30859375,59.92929015426433,61.36,59.942326
68,67.94140625,67.79639775229634,67.25,67.455574
72,72.3046875,72.10313428665705,72.28666666666666,72.64392
71,70.392578125,70.2363658561839,70.13666666666667,70.347984
64,64.35546875,63.83705877196351,65.16,64.21279
73,73.16015625,72.80169502198655,71.96,73.12519
64,63.951171875,63.75553372452981,64.8,64.11904
68,67.875,67.83597690409188,67.34333333333333,68.048775
59,58.703125,58.850655748633045,60.77,58.731564
66,66.029296875,65.9518054127705,67.1,65.78292
66,65.796875,65.8888283032967,65.73666666666666,65.71316
70,69.98046875,70.0925966288855,70.04333333333334,70.36664
64,64.138671875,64.04479465754464,65.05333333333333,64.19351
71,71.248046875,71.28746708798394,70.56,71.31326
64,64.255859375,64.52253156413921,64.38333333333334,64.39122
72,71.697265625,71.46120682163216,69.63666666666667,71.29856
70,70.177734375,70.42092414040188,70.13333333333334,70.05099
68,68.09765625,67.70860137031353,67.90333333333334,68.070526
66,65.81640625,65.84661550978915,66.77666666666667,65.798744
70,69.92578125,69.79052549853735,70.00666666666666,70.20078
63,62.591796875,62.447107957278966,63.02,62.548733
66,66.802734375,67.14812289725236,66.50666666666666,66.89517
62,61.775390625,62.177080087155126,63.13666666666666,62.39797
73,72.6484375,72.87125160524674,72.07333333333334,72.555695
63,62.8359375,62.5709369114139,64.35,62.917683
69,69.154296875,69.52314844530484,70.09,69.41799
70,70.34375,70.43782382715713,69.7,70.27702
63,62.884765625,62.994009348841885,64.12,62.90593
61,60.564453125,60.615064900955296,61.85666666666667,60.52078
70,70.232421875,70.30330925851977,69.68,69.93024
67,66.666015625,66.86920577347489,66.44333333333333,66.86597
68,67.59375,67.55860737478962,66.41,67.34655
61,60.765625,61.11348692045844,61.656666666666666,60.91735
68,67.9609375,67.9638214793479,68.52333333333333,68.23318
67,66.591796875,66.72233565385042,67.25636363636363,66.741714
66,66.48828125,66.55171332922194,67.46333333333334,66.63287
66,66.404296875,66.44960712147056,67.09,66.55212
63,63.259765625,63.04051929147704,64.01166666666667,63.219242
63,63.083984375,63.656531595593265,64.53333333333333,63.16645
67,66.84765625,66.84940493838451,67.86666666666666,66.95799
64,64.42578125,64.63132441453008,66.02333333333333,64.13575
63,63.41015625,63.225078624888134,65.13,62.97399
69,69.1015625,68.17501573124136,69.75333333333333,68.8764
67,67.37890625,67.37947266892134,66.88666666666667,67.058014
65,65.048828125,65.076358049586,64.44666666666667,64.80479
67,66.552734375,66.74525315604521,66.02,66.02581
67,67.240234375,67.2076728397742,67.05,67.47823
65,64.998046875,64.62393691971995,66.12333333333333,65.142654
69,69.310546875,69.1398461393486,69.68666666666667,69.09866
67,67.033203125,66.95627348225077,67.85333333333334,66.92575
65,64.826171875,64.92565668343194,64.66416666666667,64.714905
69,69.4296875,69.66893330742008,69.14333333333333,69.50028
70,70.4140625,70.33683608118844,70.15,70.28928
66,66.58984375,66.638696749985,65.76666666666667,66.473755
65,65.0703125,64.80328975526955,65.82,64.878494
72,72.1875,71.88861506555193,70.88333333333334,72.212265
67,66.921875,67.00432260278087,66.99,66.9637
64,64.357421875,64.3151735659106,64.19666666666667,64.56696
68,68.349609375,68.45210336286497,69.07333333333334,68.11933
70,69.623046875,69.47217204556992,67.21333333333334,69.13712
70,69.5546875,69.4353437382016,69.91666666666667,69.25041
68,68.4140625,68.35736636849842,68.13666666666667,68.302536
67,66.908203125,66.82191114803301,67.98333333333333,66.97263
66,65.705078125,65.7313331623469,66.10333333333334,65.89837
69,69.388671875,69.31984796649058,68.21333333333334,69.19442
69,68.912109375,69.14856503090208,69.56666666666666,69.08823
69,68.4765625,68.65291772988633,67.32,68.632645
69,68.8828125,68.71465568581378,66.64666666666666,68.1155
63,63.427734375,63.78838396965679,63.97,63.34674
68,67.87109375,68.46831871165817,69.34333333333333,67.921425
59,58.833984375,59.43745674272742,60.806666666666665,59.5652
68,67.955078125,68.53945443860262,69.50666666666666,68.16717
64,64.26171875,64.30650528884156,65.62,63.945705
66,65.939453125,66.01749378747998,65.81,65.815865
72,72.125,72.12543090596436,70.79666666666667,72.11225
68,67.984375,68.1249503883645,66.54,67.83756
63,62.533203125,63.049770532938,62.67333333333333,62.73658
65,64.984375,65.21218114326732,66.23666666666666,65.077614
65,65.197265625,65.19088368411764,64.13,65.21281
70,69.6328125,69.69752762797768,69.52888888888889,69.616646
66,66.119140625,66.25322434816796,65.20666666666666,66.3426
69,68.66015625,69.34199238728304,68.74333333333334,68.92253
69,69.52734375,69.37116345603579,67.86,69.37529
73,72.697265625,72.7918698271484,72.28333333333333,72.85898
71,71.1171875,70.72105210539124,70.33,70.82989
65,65.443359375,65.17273413826263,64.88,65.43167
69,69.169921875,69.09083676128321,67.70666666666666,68.84663
68,68.2421875,68.50771612997198,68.75666666666666,68.7296
67,67.048828125,67.08071610233748,66.95,67.2012
65,64.53515625,64.93257579944385,66.85333333333334,64.7823
66,66.568359375,66.36849498262957,67.44333333333333,67.13197
69,68.46484375,68.49366038288505,67.71,68.639755
68,67.501953125,67.45849941937308,67.09666666666666,67.28269
67,67.177734375,67.30022665553096,66.19333333333333,67.03545
63,62.8984375,63.15881899698574,64.45666666666666,63.118095
66,66.19921875,66.49325291604563,66.91,66.382835
65,65.375,65.08540297116568,66.54333333333334,65.95391
67,67.427734375,67.15310201312813,66.48,67.44711
65,64.619140625,64.31764569728327,64.20333333333333,64.2928
62,62.171875,62.27063163191055,61.72666666666667,62.11329
65,64.84765625,64.69464136158848,64.85333333333334,64.495056
65,64.53125,64.41398669555039,65.8,64.53818
68,67.89453125,67.74237153317786,67.24666666666667,68.06895
69,68.634765625,68.37099733441292,69.94333333333333,68.789215
71,71.046875,71.41052813216633,69.08333333333333,70.89978
69,68.97265625,68.76914058622279,68.75666666666666,69.0586
70,69.728515625,69.7389234024357,68.67,69.78076
70,70.25,70.35311264842915,69.05,70.581795
69,68.43359375,68.84602908462563,67.94666666666667,68.566216
65,65.056640625,65.35328120359857,66.05333333333333,65.044334
69,68.810546875,68.73340188086824,68.82666666666667,69.63418
69,69.328125,69.01370274328927,68.93,69.0807
65,65.080078125,64.9222890643019,65.15333333333334,65.14376
66,65.357421875,65.19394040091431,65.35666666666667,65.35593
67,66.556640625,66.26930957929702,65.91666666666667,66.30327
67,66.953125,66.90217334508183,67.48666666666666,66.948
70,70.25,70.3438943230272,69.80666666666667,70.28983
72,71.54296875,71.35830626154426,70.65,71.66839
66,66.173828125,66.03880080699524,66.19333333333333,66.0858
64,64.24609375,64.2394143097099,65.26,64.30043
66,66.359375,66.05887395314119,68.21666666666667,66.84432
67,67.673828125,67.99335979503948,67.4,67.45912
64,63.7109375,63.77989754565964,63.46,63.53851
61,61.01953125,61.26774539230096,62.10666666666667,61.737022
72,71.705078125,72.20687487256339,71.24333333333334,71.547386
61,61.09375,60.86288184124637,61.77,61.071224
65,64.615234375,64.3616181077983,65.10666666666667,64.99197
67,66.501953125,66.40536457847722,65.67,66.37839
64,63.53515625,63.51051445589858,64.86666666666666,64.39612
61,61.3515625,61.49440901336969,61.93,61.172638
64,64.265625,64.23743976780574,62.85333333333333,64.1369
67,66.521484375,66.35153573474538,66.07,66.52863
75,74.7890625,74.42386795832384,74.36333333333333,74.84585
72,72.611328125,72.82577369152379,71.85333333333334,71.86494
69,68.927734375,68.55218363001325,68.67666666666666,68.67468
64,63.662109375,64.11070470144361,63.76,64.24291
69,68.841796875,68.64633443625635,69.56,69.00296
70,70.1875,70.56788911898833,71.09333333333333,69.75421
69,68.73046875,68.7216876980284,68.53333333333333,68.94364
68,68.2109375,68.24466544831428,67.28333333333333,67.89391
72,72.154296875,72.01288569556155,71.74333333333334,72.29512
74,73.71484375,72.84702904044097,73.28,73.83516
70,69.939453125,69.8133591343467,69.10333333333334,69.85401
71,71.474609375,71.24061209582885,69.62666666666667,70.92894
68,67.791015625,67.95580349869464,67.47,68.17671
69,69.494140625,68.88519127595694,68.27333333333333,69.00419
67,67.298828125,67.4950586109094,67.02,67.373505
70,69.52734375,69.33906180055692,68.48333333333333,69.73695
64,64.06640625,64.15491664675667,64.61666666666666,64.200554
66,65.70703125,65.93358615183259,65.13333333333334,65.7231
69,68.685546875,68.37736574159234,68.37,68.75108
70,70.166015625,70.10943491100386,68.52,70.03961
65,64.396484375,64.11027555946411,63.336666666666666,64.429726
65,64.439453125,64.223970906937,64.82,64.11485
69,69.287109375,69.33117818450397,69.34666666666666,69.15517
62,62.56640625,62.27836316184902,61.766666666666666,62.353737
66,66.458984375,66.42408999689296,67.88,66.67442
70,69.796875,70.1466064332526,69.96333333333334,70.134445
74,73.912109375,74.21476919496222,71.97333333333333,73.12853
68,67.771484375,68.00027850802476,67.64,67.91228
61,60.916015625,60.919086345775995,61.24666666666667,61.026783
72,71.998046875,71.90127783990977,70.78666666666666,71.88133
64,64.318359375,63.938600397004755,64.87333333333333,64.193695
64,63.943359375,63.558986663533354,65.22666666666667,64.14827
66,65.515625,65.3901792814591,64.97,65.439415
67,67.244140625,67.24094701915709,68.17,67.30599
61,60.955078125,61.06806823468759,61.0,60.574493
71,70.630859375,70.2435033816191,67.80666666666667,69.79152
69,68.65625,68.80661174045585,66.84,68.65759
61,60.7265625,60.993488383082855,62.0,60.570873
68,68.12890625,67.94017176244579,66.94333333333333,67.616905
72,72.283203125,72.39080385859329,71.53,72.685684
66,66.255859375,66.17463183419264,66.15,65.958916
73,73.09375,72.80116030616294,71.55333333333333,73.41946
69,69.005859375,68.95159399199628,69.21,69.48676
65,64.6015625,64.59348625616603,64.32,64.59207
64,63.806640625,63.36115315440493,64.16,63.89581
68,68.34765625,68.40088871746228,68.23666666666666,68.183495
70,69.841796875,69.76157405046497,70.16,70.39078
62,62.44140625,62.58145024152379,63.11333333333334,62.5417
68,67.796875,67.47224970007056,65.98,67.52538
69,69.482421875,69.37117176033223,69.55333333333333,69.70983
66,65.78515625,65.81675838477635,64.62,65.64319
70,70.419921875,70.50473639697998,68.93,70.60252
69,68.59375,68.34292007951106,70.70333333333333,68.883
72,71.97265625,71.83533447848107,69.29333333333334,71.79821
67,66.841796875,66.68577322933774,67.25333333333333,66.75979
61,61.40234375,61.99148918135551,62.88666666666666,61.552696
69,69.203125,69.11450242627089,67.98,69.05309
70,69.638671875,69.52997932315769,69.88333333333334,69.661575
67,66.7890625,67.07847331088215,65.56666666666666,66.628395
70,70.1328125,69.90239767952082,69.25,70.04105
65,65.17578125,65.64480988627439,65.53333333333333,64.99555
62,61.724609375,61.544983898602005,64.66666666666667,62.1491
67,66.966796875,67.15716056568274,67.28,67.063065
68,67.51171875,68.02482621331123,68.64333333333333,67.884964
64,63.876953125,64.13391008804354,64.6,63.8218
73,72.447265625,72.32135160517608,71.21666666666667,72.00482
68,67.837890625,67.8073412726833,68.11666666666666,67.98502
68,68.046875,67.8992334536517,66.81,67.81862
67,66.9453125,66.69794275239798,65.54333333333334,66.67558
63,63.26171875,63.26431673984964,63.74333333333333,62.93083
73,72.908203125,72.19842052868553,73.54333333333334,72.64351
67,67.048828125,66.89132559622593,66.68333333333334,66.98357
66,66.416015625,66.57985326403643,66.84,66.72193
62,61.544921875,62.284036392909364,62.14333333333333,62.018246
68,67.84375,67.66480934230786,67.81333333333333,67.72683
62,62.384765625,62.69118223653035,62.98,62.876915
66,66.35546875,66.0894902923446,67.32333333333334,66.459526
66,65.443359375,65.57809565263894,66.24333333333334,65.795135
68,67.873046875,68.13110663469357,67.96333333333334,67.76153
72,72.59375,72.27514302619522,73.24,72.58196
63,62.7734375,62.85548551569732,64.23666666666666,62.915504
68,67.681640625,67.83422333085407,68.41,67.68557
73,73.091796875,72.67381000193305,71.24666666666667,72.89398
59,58.662109375,58.86458237491984,60.62,58.636456
63,62.994140625,62.782613448359065,63.153333333333336,63.37695
61,60.515625,60.61848491055672,62.43666666666667,61.09606
65,64.927734375,64.75437545637085,66.33666666666667,65.51545
67,66.75390625,66.576299724287,66.06666666666666,67.00472
66,65.701171875,65.59772264257646,66.51333333333334,66.0292
69,69.263671875,69.18259317563903,68.23666666666666,69.19501
62,61.751953125,61.496524858839365,61.75666666666667,61.902035
70,69.87890625,70.1078483999673,69.53333333333333,69.96338
70,69.841796875,69.87609933122897,69.38333333333334,69.9208
65,65.529296875,65.14114941392121,66.65,65.75571
69,69.244140625,69.33306184912192,70.18,69.43739
68,67.859375,67.97229458938925,66.87666666666667,67.86469
65,65.27734375,65.39215061054574,65.20666666666666,64.77546
70,69.734375,69.95608799093827,69.65,69.90294
63,62.974609375,62.84273752735257,64.69333333333333,63.31354
69,69.3515625,69.10622875753444,68.70333333333333,69.359085
65,64.640625,64.66152604199794,64.96333333333334,65.040924
67,66.93359375,67.02394070246362,67.05666666666667,66.95856
65,64.7578125,64.44652500046266,65.29333333333334,64.76378
64,63.861328125,64.16771004091132,63.92333333333333,64.05871
68,67.849609375,68.21367353960177,66.493125,67.92339
66,66.326171875,66.10316582326287,66.0,66.95685
62,62.482421875,62.47531059484468,63.09,62.535595
64,63.43359375,63.34149216541775,64.81333333333333,63.353264
64,63.9140625,63.943359175733676,64.47666666666667,63.9843
67,67.326171875,67.58919975272416,67.72,67.83194
66,66.544921875,66.98487898087903,67.47333333333333,67.037865
61,61.169921875,61.783503587794115,63.14666666666667,61.406315
71,71.296875,71.10945180866837,69.88666666666667,70.93621
72,71.947265625,72.04608901417834,70.0,71.579735
62,61.517578125,61.49952947013002,62.31,61.868973
66,66.037109375,66.38751591122183,67.32333333333334,66.33013
68,67.583984375,67.39145716064729,67.91333333333333,67.40262
69,69.060546875,69.22807732504941,69.62333333333333,69.30244
68,67.869140625,67.98307410326206,67.70333333333333,67.988
71,71.3203125,71.20382000683404,71.5,71.23529
63,63.228515625,63.65786628008751,65.4,63.969715
72,71.60546875,71.57783276009809,72.46666666666667,71.73998
68,67.54296875,67.55506716977622,66.01666666666667,67.7478
68,67.783203125,68.06745807526241,68.34666666666666,67.97459
67,66.4765625,66.82374077361624,65.71,66.328896
71,71.55078125,71.55034284764832,70.94333333333333,71.84153
67,66.853515625,66.77372987196063,66.92333333333333,66.47928
69,69.248046875,69.12316605305651,69.24666666666667,69.18562
68,68.5546875,68.33945647162393,70.36,68.24843
74,73.31640625,73.57793743365241,71.96333333333334,72.974144
66,66.40625,66.14680952848107,66.32333333333334,66.5555
65,64.6875,64.47347368910087,65.03,64.653625
69,68.869140625,68.92879390509516,69.63333333333334,68.90843
68,67.97265625,67.75455199722285,67.71,68.20053
69,69.21875,69.06369766112091,68.74666666666667,69.15581
71,70.90234375,70.98982319692603,67.98333333333333,69.971664
62,62.4609375,62.0685625044903,63.666666666666664,62.7601
64,63.716796875,63.823870183024226,64.37,63.88493
71,71.25390625,71.52319279810777,71.01666666666667,71.262184
63,62.958984375,63.72571913510929,65.49333333333334,63.22083
64,62.791015625,62.66993279245717,64.29333333333334,63.030647
67,67.251953125,67.03172990153197,68.08,67.67045
70,70.78515625,70.91077079246583,69.64666666666666,70.36836
73,73.349609375,72.83711040704551,71.00666666666666,73.26675
68,68.095703125,68.57345228944043,65.50333333333333,68.46937
67,66.80078125,66.76571480762662,67.03333333333333,66.64612
63,62.958984375,62.79364275685473,62.083333333333336,63.31504
69,68.376953125,68.56776099221219,67.62666666666667,68.29439
68,68.416015625,68.55450552353113,69.09,68.38898
69,69.466796875,69.27008748319443,68.07,69.825325
71,70.62890625,70.59096778472131,71.15333333333334,70.93648
62,61.642578125,61.94404402307577,63.67666666666667,62.196243
59,59.326171875,59.8384501723431,60.43666666666667,59.738018
70,69.642578125,69.63104768766694,68.92,68.95777
69,68.875,69.02273364167847,69.64,68.98499
64,63.79296875,64.07657163967869,64.17,64.105415
66,65.5703125,65.49316641085991,66.07333333333334,65.32867
64,63.826171875,63.707107896201876,63.336666666666666,63.59982
70,69.619140625,69.8511987449212,69.07666666666667,69.466606
65,65.466796875,65.44185358460255,65.96666666666667,65.460556
64,64.39453125,64.11399384848971,63.23,64.62385
64,64.193359375,64.08162449324377,64.86333333333333,64.64365
67,66.455078125,66.20436193543877,66.76,66.08809
67,67.333984375,67.21051816995295,68.44,67.75529
61,61.017578125,60.9807988748289,60.67333333333333,60.75243
65,65.349609375,65.29836214871202,65.45333333333333,65.10858
63,62.98828125,62.535697194200495,62.48,62.730602
68,67.888671875,67.83620017494897,66.63,67.65652
66,65.9296875,65.8278937636703,65.33333333333333,65.71434
73,72.73828125,72.80993406480368,71.15666666666667,72.70329
69,68.623046875,68.83861395783477,69.2388888888889,68.98968
74,74.12890625,74.23839447475056,72.70666666666666,74.001945
73,73.556640625,73.42194957638162,71.51,72.99366
68,68.26953125,68.31001613843739,68.04666666666667,68.77793
70,70.26953125,70.26340069408276,68.62666666666667,70.20305
66,66.15625,66.07261215992314,67.29,65.899704
66,65.578125,65.53860308693824,65.39666666666666,65.48542
66,66.318359375,66.52321797615781,67.33,66.843864
64,64.01953125,64.2621415645062,65.24,64.02361
65,64.736328125,64.8791027449125,65.05333333333333,64.84119
61,61.529296875,61.77427141531422,62.39,62.08079
65,64.814453125,64.54421250548276,65.93,64.714096
66,65.845703125,65.51298078292425,65.49,65.349815
68,67.888671875,68.01928078026435,68.20666666666666,67.9101
72,71.5625,71.31926371382795,71.90333333333334,71.79618
74,73.912109375,73.33632294356651,71.88666666666667,73.54631
66,66.08984375,65.85563819893008,65.29666666666667,66.123055
61,60.88671875,60.91070738074996,61.24666666666667,61.23367
64,64.240234375,64.28896256912078,62.14333333333333,63.83583
70,69.869140625,69.54167676875028,69.25,69.02583
65,65.099609375,65.02183887683235,66.43666666666667,65.49543
69,68.630859375,68.60094437326961,68.37333333333333,69.03153
65,64.865234375,64.75593654032485,65.64,64.65279
70,69.373046875,68.95600131407518,68.14666666666666,68.93298
67,67.146484375,67.29275743551848,68.73333333333333,67.46947
65,64.6953125,64.62799488568682,64.97666666666667,64.51159
63,62.83203125,63.303001110199794,62.86,62.925537
71,70.67578125,70.31783986940894,70.62333333333333,70.75224
66,65.890625,65.86197205693894,63.43333333333333,65.94389
68,68.62890625,68.10178145485708,68.00333333333333,68.49471
70,69.728515625,69.67580920554026,68.68666666666667,69.78042
70,69.681640625,69.62885418930037,69.57666666666667,70.10969
64,64.212890625,64.18863346374732,64.47333333333333,64.51362
65,64.705078125,64.74483346373721,63.68666666666667,64.481316
68,67.69921875,67.70607466066213,66.92,67.8177
74,74.04296875,74.13461115028376,72.73666666666666,73.63602
69,69.109375,68.5638018611161,69.82,68.85087
71,71.2890625,71.08708068673168,71.77666666666667,71.642075
64,64.234375,64.14782150391082,64.04666666666667,64.482925
64,63.798828125,63.7752976652167,63.163333333333334,63.832783
69,69.10546875,68.85234937166202,69.14,68.49134
68,68.412109375,68.30091146900429,67.26333333333334,68.47002
66,65.6796875,65.66001140691694,65.10333333333334,65.41949
72,71.83984375,71.06935600251852,71.16333333333333,71.79811
67,66.453125,66.6429916594715,67.23333333333333,66.27119
62,62.23046875,62.28954150631269,63.343333333333334,62.200497
65,65.287109375,65.32026526948826,65.78361111111111,65.14198
69,68.55078125,68.62300575127104,66.42333333333333,67.84395
70,70.564453125,70.54837113844711,71.65666666666667,70.56462
62,62.26171875,62.56455605908731,65.49333333333334,62.54353
70,69.353515625,69.53480512463645,69.36666666666666,69.39952
70,70.037109375,70.08403662174271,70.35,70.360916
68,67.58984375,67.48036022546566,68.55,67.672874
62,61.740234375,61.34326099846318,61.25666666666667,61.776775
62,61.900390625,62.647794510715585,61.403333333333336,61.750645
68,67.806640625,67.9564242657093,68.31,68.07035
74,74.310546875,74.128247565252,72.81333333333333,73.96371
66,65.857421875,65.48359769100195,65.69,65.82961
67,66.666015625,66.62116727885788,67.65,66.56639
68,68.4296875,68.63007524125396,68.19,68.479164
67,67.06640625,66.72213852272614,67.28222222222222,66.75572
70,69.751953125,69.68156205031643,70.01666666666667,69.25979
70,69.728515625,69.69697825954756,69.58333333333333,69.55786
67,66.474609375,66.61329443442179,66.83333333333333,66.16318
66,66.19140625,65.93549826756266,65.12333333333333,65.874664
64,63.79296875,63.74395303484191,63.153333333333336,63.86967
74,74.408203125,74.07363662512971,72.39666666666666,74.06555
63,62.978515625,63.77394858975505,65.10666666666667,63.408703
70,68.89453125,68.8202412530611,68.63,69.377365
69,68.99609375,68.63671113954965,67.57666666666667,68.69269
69,69.083984375,69.00016976048899,67.91333333333333,68.39907
65,65.2890625,65.18921204646057,66.53333333333333,65.765495
70,69.681640625,69.39228307467593,69.44333333333333,69.55412
67,66.923828125,66.84614712281439,66.83666666666667,67.41856
71,70.95703125,71.24542983507452,69.75666666666666,70.927055
68,67.65234375,68.00751380990063,68.39,67.812195
70,69.576171875,69.43703598307691,70.59666666666666,69.25192
72,72.111328125,71.98636790892942,70.23333333333333,71.88863
71,70.828125,70.72772429509334,69.88333333333334,70.61999
61,61.0078125,60.970467920821406,61.59,61.266884
61,61.087890625,61.55924389386516,60.96,61.39388
66,66.228515625,66.39895557104485,65.87666666666667,66.293655
75,75.52734375,74.49913778261403,73.41,74.92319
67,67.04296875,67.05447797508918,68.03333333333333,67.0739
68,67.80859375,67.86952062686578,68.29666666666667,67.99978
65,65.04296875,64.88102239397939,65.91333333333333,64.90809
67,67.2890625,67.37240392354212,67.24,67.15948
63,63.14453125,63.167213668835316,64.21,62.66216
61,61.22265625,62.035951328772356,61.34,61.265537
66,65.833984375,65.54555423745114,67.83333333333333,65.84403
66,65.431640625,66.31604600851318,66.19333333333333,65.73147
66,66.541015625,66.27931076916646,66.18333333333334,66.416595
66,66.58984375,66.58335609805613,66.78666666666666,66.77003
65,64.794921875,64.7176302416713,64.22333333333333,64.8018
68,68.357421875,68.14946194799127,67.12333333333333,68.2784
63,63.0859375,62.81636082941853,64.17152777777778,63.14827
66,66.587890625,66.85514782761904,65.50666666666666,66.7817
68,68.220703125,68.16764637835817,67.79666666666667,68.1021
64,63.94921875,63.98426161735816,64.13333333333334,64.27923
68,68.078125,67.9798269644324,67.83333333333333,68.00485
64,63.859375,63.85252173215288,64.2,64.1018
66,66.291015625,66.57410165717147,66.70333333333333,66.13222
67,67.24609375,66.77888523738424,66.79333333333334,66.85102
71,71.162109375,71.0778063831626,69.73166666666667,71.35719
72,72.0546875,72.0333122421078,71.66,71.88312
69,69.130859375,69.07931341892318,68.93666666666667,68.93663
70,69.90234375,69.77123616443146,70.42666666666666,70.364944
68,68.203125,67.65967401497369,67.6,68.06684
70,69.841796875,69.72383153391684,70.21,69.38051
64,64.16796875,64.31350402330928,65.33,64.338356
65,64.466796875,64.71959343823089,65.31416666666667,64.50496
68,67.64453125,67.97429239676273,66.19,67.20929
67,66.9609375,66.64522074096068,65.70333333333333,66.70712
69,69.22265625,69.19012180010809,68.92666666666666,69.14626
70,69.70703125,69.46576038017032,69.35666666666667,69.4047
70,69.857421875,70.11286008637556,69.39166666666667,69.867905
66,65.63671875,65.28195223564157,64.88666666666667,65.790955
67,66.572265625,66.52345004995412,67.30666666666667,66.67165
70,69.56640625,69.79347461329203,66.49,68.65046
67,66.8125,66.79083650770556,67.84333333333333,67.32397
63,62.51171875,62.696594308469926,63.56333333333333,62.393642
68,68.13671875,68.59866769122696,68.74666666666667,67.95877
67,67.236328125,67.0151747592472,66.96,67.00689
68,67.9453125,68.00484670992525,68.52333333333333,68.2497
70,70.220703125,70.23876908561557,71.44,69.94138
70,70.150390625,70.16216839296271,69.87333333333333,70.519295
64,64.681640625,64.70915830304357,65.08690476190476,64.81616
71,70.9453125,70.80917837467594,70.41333333333333,70.96714
72,71.892578125,71.96837077490972,71.90666666666667,72.14917
70,68.798828125,68.68542031142714,68.92,68.72149
73,72.4921875,71.84322931790993,72.26333333333334,71.625496
63,62.826171875,62.61606046322733,64.0,62.45746
66,65.8515625,65.71904048498344,66.53333333333333,66.41095
68,67.6484375,67.40769570167615,66.84,67.56428
68,68.25390625,68.08748257532011,66.77,68.21542
70,70.078125,69.88096459180474,69.70333333333333,69.466805
69,69.328125,69.53353250978306,68.88,69.475815
72,71.892578125,71.54471652716865,69.12,71.65809
61,60.791015625,60.67993382791978,61.95333333333333,60.978836
67,67.08984375,66.78479962652925,68.06333333333333,66.39934
63,63.32421875,63.34390371971581,65.07333333333334,63.14021
64,64.484375,64.28819756737391,64.2,64.51997
65,64.755859375,64.64194410767522,65.44,64.69072
64,63.458984375,63.96520342932596,62.82333333333333,63.501846
67,67.326171875,66.63663685060469,67.81666666666666,67.57059
69,68.8359375,68.58858594060516,70.20333333333333,69.09578
64,64.044921875,64.12313841319607,64.47333333333333,64.030334
72,71.986328125,72.57100257445758,72.33666666666667,71.941
72,71.9765625,71.89996028442332,70.81666666666666,71.80899
69,68.744140625,68.84008116726446,68.01333333333334,68.91953
68,68.185546875,68.0728274757257,66.18333333333334,68.104355
64,64.12109375,64.17900376338474,63.00333333333333,63.792267
69,68.755859375,68.77844274665803,68.37,68.63911
72,71.365234375,70.82420459506733,70.59,71.72375
69,68.744140625,69.46561698031532,67.22,68.49935
64,63.92578125,63.69170381300918,64.07333333333334,63.325993
65,65.4921875,66.05047049855132,67.13333333333334,66.47412
64,63.671875,63.76906605733339,65.35333333333334,63.713352
69,68.861328125,68.74077439321127,67.12666666666667,68.19944
65,64.875,64.78555973961818,64.79333333333334,64.75719
71,70.7578125,70.66622786101826,70.66333333333333,71.23944
69,68.423828125,68.65090629224625,69.09666666666666,68.45601
69,69.16796875,69.00976671693402,69.13666666666667,69.349106
68,67.86328125,68.12399880219583,67.66,68.259735
69,69.07421875,69.17235486946936,68.81333333333333,69.131096
63,63.23046875,62.98101489973873,64.34333333333333,63.278156
67,67.1640625,66.68411111686827,69.02,67.313515
66,66.185546875,66.30040841239693,65.39333333333333,65.928696
72,71.822265625,71.60181456588887,70.69333333333333,72.15728
69,69.09375,68.9619106982408,69.6888888888889,69.1272
69,69.021484375,68.62309258612375,68.95,68.737854
65,65.2421875,65.22889141603876,65.04333333333334,65.476425
68,68.017578125,67.97489228504321,68.45,68.134735
71,71.087890625,71.29112239719892,70.52,70.6051
71,70.47265625,70.32612562556855,70.21,70.68216
66,66.697265625,67.17772156964384,65.79666666666667,66.81638
66,66.322265625,66.19314993634516,67.19,66.367
62,62.099609375,63.2435271572823,61.62,62.582718
66,66.009765625,66.20600230737352,65.53333333333333,66.43143
62,62.4609375,62.30504494578138,61.95,62.734715
62,61.84375,61.98342671205526,62.09,62.270504
67,66.529296875,65.99772328200119,66.31,66.60491
62,62.603515625,62.746889592640514,63.92333333333333,62.79918
69,68.900390625,69.05053468530947,68.99666666666667,69.39758
69,69.2578125,69.10341348345374,69.38,69.5852
66,65.48828125,65.23388634868851,65.91333333333333,65.24712
70,70.232421875,69.95211420331385,69.42333333333333,70.255165
68,68.140625,68.17252082597707,68.15333333333334,67.77673
67,66.623046875,67.09148401806031,66.53,66.33672
67,66.71484375,66.22743516325181,67.35666666666667,66.6851
71,70.845703125,70.95016881892232,70.18,70.8527
64,64.189453125,64.28330203035755,65.24,64.372
67,67.373046875,67.20980019327888,67.1,67.01112
64,63.953125,64.31859785618924,66.53,64.22902
61,61.359375,61.53557330065912,63.14333333333333,61.57714
69,68.533203125,68.38709335577907,69.12,68.37165
64,64.38671875,64.55397547076589,64.96666666666667,64.49267
69,68.720703125,68.51304901536443,68.31333333333333,69.22443
72,72.359375,72.65882801736866,72.49333333333334,72.36154
64,63.556640625,63.855102862398645,65.66666666666667,64.143295
64,63.912109375,63.8714352888993,64.75333333333333,64.13374
62,62.05078125,62.12389362009307,62.86,62.18171
68,68.408203125,68.45255183984378,66.77333333333333,68.370926
65,65.0703125,64.71945779037728,64.88333333333334,64.86885
66,65.986328125,65.96008070240971,65.46666666666667,65.91742
72,72.28125,71.70605210117014,72.14333333333333,71.934265
68,68.056640625,68.08822184403556,69.29666666666667,68.02635
68,67.869140625,67.85220364657393,67.25666666666666,67.91418
69,69.1015625,69.47271383932092,67.78666666666666,69.19925
68,68.03515625,67.97945098340745,67.86333333333333,68.4209
67,67.08203125,66.94865587175958,66.93,66.79359
65,64.95703125,64.97486533068879,65.84666666666666,65.14791
68,67.888671875,67.62353925086711,68.16666666666667,67.9903
67,66.50390625,66.46191918780353,65.91666666666667,66.21916
72,72.349609375,72.21721808373852,70.94666666666667,72.71918
61,61.091796875,61.637665875427075,63.586666666666666,61.54135
72,71.755859375,71.82747338136866,70.67,71.91581
65,65.15625,65.09448071621074,64.84,64.95097
71,70.98046875,71.13757313636063,70.56333333333333,71.350075
67,66.6640625,67.44347080517342,65.39666666666666,66.6325
66,65.52734375,65.56810082984676,65.23333333333333,65.40864
67,67.103515625,66.77678962356813,67.26,67.14792
70,69.58203125,69.73014521966769,69.92333333333333,69.43769
68,67.607421875,67.53352498665804,67.68666666666667,67.526405
70,70.32421875,69.99202451151353,70.16,70.3307
68,67.9140625,67.93358205842775,67.40333333333334,67.98628
68,68.076171875,68.17296291262961,69.29666666666667,68.34163
68,68.00390625,67.96692740449261,67.58,68.534515
67,67.05859375,67.04632769301212,67.07,67.12129
62,62.3515625,62.571810224374445,61.156666666666666,62.41771
65,65.517578125,65.17820507068856,64.42333333333333,65.546394
60,59.73828125,59.98888615284198,61.57666666666667,60.33811
63,62.478515625,62.552642437559456,64.13333333333334,63.00628
67,66.826171875,66.90303012855686,65.63666666666667,66.80017
69,69.12109375,68.66819848387794,69.51333333333334,69.068474
68,68.17578125,68.11044389563291,66.79333333333334,67.69246
71,70.12890625,70.08724471032592,69.75333333333333,69.951294
66,65.654296875,65.72939305157824,66.66333333333333,65.89243
62,62.263671875,61.93545227622848,63.513333333333335,62.074436
74,74.400390625,74.43539558269684,73.08,74.48859
71,71.01953125,71.10417393565373,68.64333333333333,71.53067
70,69.615234375,69.56854337493009,69.84666666666666,69.64092
72,71.587890625,72.0059043069917,71.48,71.341576
74,74.130859375,73.93237585025368,71.66333333333333,73.605515
63,62.515625,62.61182087709644,62.03,62.380535
62,62.509765625,62.33491416556781,62.71666666666667,62.656666
65,65.330078125,65.38843676523756,64.20666666666666,64.92173
61,61.650390625,62.23546321932321,62.69,61.513527
64,64.296875,64.34837945129557,66.01333333333334,64.60472
67,67.033203125,66.85664007388793,67.6,67.51963
62,62.359375,62.12560924058636,63.99333333333333,62.35319
67,66.318359375,66.37392582891596,65.42333333333333,66.11361
66,66.140625,65.7200819040462,66.8,66.00909
63,62.865234375,62.82209954860122,63.68333333333333,62.82371
64,63.6484375,64.0574382195037,65.54333333333334,63.36715
67,66.890625,67.02516023723733,67.64333333333333,66.97185
64,64.19140625,63.979102297808026,63.983333333333334,64.03745
66,65.732421875,65.84052090945892,66.06333333333333,65.764534
68,68.4765625,68.08181513095396,66.74,68.37717
65,65.5703125,65.51099254461884,65.90666666666667,65.2613
72,71.419921875,70.99375781978183,71.65333333333334,71.27279
64,64.158203125,63.83796423760765,63.96666666666667,64.178665
67,66.767578125,66.8420988801049,65.35,66.25348
66,66.619140625,66.66815893254915,66.52333333333333,66.46322
61,60.810546875,60.708856938391726,60.64333333333333,60.69335
70,70.318359375,69.80971771128783,68.54333333333334,69.90817
69,68.603515625,68.66240739128347,68.43666666666667,68.504585
64,63.802734375,63.68929210840781,64.17,63.692028
66,65.63671875,66.31039684782758,66.72333333333333,65.886826
61,60.892578125,61.07299406467871,61.60666666666667,61.55464
67,67.43359375,67.5301928337783,66.98666666666666,67.94579
71,70.67578125,70.92220127795584,70.05666666666667,70.38234
70,69.931640625,70.08233906677032,69.86,69.72256
71,70.720703125,70.70814550185061,70.67666666666666,70.732346
68,67.642578125,67.72878969991591,67.13333333333334,67.602745
62,61.86328125,62.596828185004,64.58,62.64707
64,63.931640625,63.71766492598374,64.56333333333333,63.963272
64,64.126953125,64.02045385922278,65.29666666666667,64.37248
64,64.095703125,64.41159981052404,63.88,64.2468
67,66.728515625,66.70776911064986,67.81666666666666,66.866394
68,67.955078125,67.81553689838861,66.62,67.642334
73,72.623046875,72.04826379865612,72.69666666666667,72.777336
66,66.185546875,66.29414479814986,67.48333333333333,66.33418
65,64.59375,64.57264132398646,65.50333333333333,64.5014
70,70.49609375,70.73919600963161,70.15333333333334,70.46557
72,71.62890625,71.78912969047323,71.49333333333334,71.973305
69,68.802734375,68.40197575228456,67.76,68.57992
65,64.66015625,64.80929984256018,64.51,64.8447
64,64.05859375,63.970617100262636,63.70666666666666,63.74374
73,73.716796875,73.7005028036273,72.7,73.69606
72,71.775390625,71.72171339802006,71.27,71.81696
64,63.927734375,63.826889235931645,64.57,64.4075
65,65.248046875,65.0554596693788,64.35333333333334,65.27774
68,67.748046875,67.97913689838889,69.27333333333333,68.05696
68,68.78125,68.83577510178783,68.8,68.69943
67,66.80859375,66.510730825477,66.64333333333333,67.01948
70,69.884765625,69.91164186456598,68.88,69.706276
70,70.24609375,70.69069617420169,69.27333333333333,70.585
72,71.79296875,71.13570852989265,72.44666666666667,72.574104
68,67.740234375,67.73793285155914,67.62666666666667,67.95975
65,64.701171875,64.6991112972518,64.86333333333333,64.143074
65,65.3671875,65.30182154372105,65.09333333333333,65.452194
63,62.974609375,63.095195003817885,64.78333333333333,63.29495
66,66.2265625,66.11717983185568,67.56666666666666,66.32553
69,69.146484375,68.80757481221818,69.04666666666667,68.85532
66,66.375,66.02748704177702,65.28666666666666,66.25214
68,68.005859375,68.20951653074562,68.29,68.29418
65,65.376953125,65.62387186202602,65.14333333333333,65.69159
68,67.75,67.69819385546839,66.75333333333333,67.44836
67,66.5859375,66.4091510916574,66.17666666666666,66.06356
63,63.080078125,62.944114956045624,62.473333333333336,62.96674
68,67.9375,67.93542632049503,67.77333333333333,67.600334
69,68.4921875,68.31052453249163,67.83666666666667,68.57277
71,70.638671875,70.38047194401845,68.9,70.53402
74,74.181640625,74.0642862999976,72.26,74.25023
66,66.568359375,66.64321254237271,67.55666666666667,66.59434
70,69.796875,70.15724718137022,69.17,69.41765
68,67.302734375,67.48349143453545,65.39,66.73049
69,69.244140625,69.33004231958896,69.45333333333333,69.37893
74,74.205078125,74.56961588720225,73.15666666666667,73.84514
68,67.072265625,66.7959823152042,66.42282051282052,66.78852
61,60.560546875,60.84358247055815,61.343333333333334,60.628757
70,69.943359375,70.23595651821623,66.74333333333334,69.248245
67,66.95703125,67.05675298722342,67.27333333333333,67.08762
66,65.724609375,65.66691687903304,65.48,65.901855
69,69.04296875,68.82231515106443,70.09666666666666,69.11928
70,70.421875,70.592780361175,69.85,70.159
65,65.294921875,65.70165658648054,64.58666666666667,65.189156
66,66.072265625,66.25859433825403,65.85333333333334,66.01768
63,63.599609375,63.3599774205055,64.93333333333334,63.86061
63,63.326171875,63.33594626668531,63.50666666666667,63.37439
66,65.818359375,65.79952539564118,65.81666666666666,65.55605
69,68.7265625,68.57439819920397,68.65333333333334,68.562805
65,64.62890625,64.33120874006845,64.53,64.81751
70,69.44140625,69.84363390655881,67.92,69.29626
68,67.9140625,68.21377992882896,68.16,68.12087
61,61.5,61.89102433059368,61.09,61.31726
73,73.1015625,72.72936509479013,72.56666666666666,72.39578
70,69.857421875,69.98732784712506,67.83333333333333,70.02298
65,64.93359375,65.18540106098986,65.42666666666666,65.099144
64,63.982421875,64.40066922104609,63.71,63.966133
63,62.755859375,62.64696727954217,63.193333333333335,63.044262
65,64.94921875,64.85529558670075,65.87,65.723274
64,64.080078125,64.94174229432689,66.02,64.145134
67,66.984375,66.72072584552619,65.86,67.09232
66,66.0390625,67.06939249081417,66.03333333333333,66.50308
63,63.623046875,63.25303895788729,63.733333333333334,63.81747
61,61.326171875,61.572146269580806,61.22666666666667,61.641125
66,66.115234375,66.40955038248003,68.28666666666666,66.45777
65,64.70703125,64.73059412306164,64.55666666666667,64.97512
68,68.18359375,67.95836019807216,68.13666666666667,68.43502
67,66.955078125,66.72443408244985,68.1,66.69344
73,72.865234375,72.6249165876639,70.97,72.92021
65,64.53515625,64.52678751848535,65.03,64.45773
65,64.603515625,64.24062456972979,66.21,65.09304
65,64.525390625,64.29790637189323,64.74333333333334,64.73661
67,66.82421875,66.9433107272779,67.92,67.22688
65,65.125,64.60360693773822,66.67,65.38945
72,71.6015625,71.61936441511146,70.46666666666667,71.33976
69,69.189453125,68.64715405430704,68.97333333333333,69.73658
67,66.623046875,66.69301967234786,66.76333333333334,66.83358
63,63.0625,62.95602582179622,62.64,63.122036
70,69.626953125,69.13657111011706,71.83666666666667,69.60479
65,65.056640625,64.92517708527379,65.19666666666667,65.23778
72,71.505859375,71.42534624687693,71.89,71.62703
68,68.353515625,68.494801699057,67.61,68.577705
67,66.96484375,66.88127502804053,65.90333333333334,66.84394
69,69.23046875,68.96726632790511,69.62333333333333,69.13412
60,59.953125,60.067636578474975,60.70666666666666,59.76052
67,67.029296875,66.50270628099753,67.09,66.97216
63,63.251953125,63.62149523419775,63.483333333333334,63.402008
60,59.982421875,60.48598496329857,60.89,60.156246
69,68.873046875,69.08350385412076,69.26,69.092804
62,61.990234375,61.94910288153342,63.74666666666667,62.190342
68,67.693359375,67.85433129148058,66.63333333333334,67.33248
67,67.46484375,67.56123398607532,67.04,67.25618
66,66.2734375,66.38029852190778,66.53,66.175575
62,62.1640625,61.72634418212059,62.693333333333335,61.946465
67,66.892578125,66.6245555018101,66.90666666666667,66.95802
65,65.09375,64.97786099872424,65.37333333333333,64.94949
70,70.33984375,70.21251411797752,70.10666666666667,70.22628
67,67.455078125,67.7800224452518,67.63666666666667,67.08902
72,72.0390625,72.22868410416686,70.68333333333334,72.159996
71,71.27734375,71.17211055529928,70.66666666666667,71.6756
70,69.625,69.66666435884389,68.98666666666666,69.580925
73,72.630859375,72.28289796947942,71.22666666666667,72.28902
66,65.712890625,65.980834730792,65.25333333333333,65.859436
65,65.361328125,65.3990181237377,66.51,65.632095
72,72.24609375,72.29663623684857,71.49333333333334,72.27124
71,71.18359375,71.35692327055835,70.14666666666666,71.22977
68,68.1015625,67.95386700450103,66.6,68.22
67,67.390625,67.53539927932479,67.63333333333334,67.39122
62,62.552734375,62.75203383604665,63.74,62.83981
66,65.755859375,65.83202896587262,64.86,65.4727
63,63.609375,63.50515323702837,64.63666666666667,63.835857
62,61.759765625,61.96458623800666,63.723333333333336,61.93512
62,61.509765625,61.015817445045776,63.516666666666666,61.586082
68,68.50390625,68.60244068683683,68.40666666666667,68.54989
59,58.779296875,58.82099124741988,61.07333333333333,59.441437
67,67.150390625,67.33613969294478,66.6,67.14169
66,66.080078125,65.95572780482698,66.35333333333334,65.85902
69,69.375,69.21510020560507,68.86,69.11501
68,68.056640625,68.61819071501978,67.22333333333333,67.61568
68,68.255859375,68.49104382579947,68.04666666666667,68.18188
70,69.583984375,69.61496839739365,69.22,69.494644
71,70.419921875,70.67678639692602,70.74,70.83233
68,67.87890625,67.5944595817737,67.10666666666667,67.588776
70,70.431640625,69.96388153182355,70.41666666666667,70.41419
69,68.53125,68.42427965393892,67.34333333333333,68.16236
68,68.220703125,67.80166485464056,68.98,68.711136
64,64.009765625,63.80191519251141,63.513333333333335,63.736576
67,67.185546875,67.62849451846317,67.44666666666667,67.32691
72,71.595703125,71.8711665919865,70.93,72.19559
68,67.6171875,67.84627254497877,67.99,68.25172
63,63.033203125,63.33546059635402,63.276666666666664,63.067673
62,62.26171875,62.28617683720205,62.78666666666667,62.83281
63,62.9453125,62.96299966799049,63.166666666666664,63.162727
67,67.19140625,67.07686464570676,65.63666666666667,66.806114
70,69.63671875,69.42245220300586,68.15666666666667,69.81358
61,61.1015625,61.706812317081685,62.803333333333335,62.33899
69,69.3359375,70.0208220313408,68.49333333333334,69.2408
61,61.54296875,61.29121378277024,62.71333333333333,61.10636
66,65.919921875,65.79993395421252,66.74333333333334,65.55494
70,70.208984375,70.32826654195486,69.88333333333334,70.1068
72,71.5859375,71.43165549869695,70.50666666666666,71.30459
64,63.873046875,63.73595757051122,64.18666666666667,64.05495
71,70.859375,70.90637943300496,70.50666666666666,70.903305
71,71.212890625,71.27796843516984,71.04,71.28837
69,68.15625,68.28612733939566,67.82666666666667,68.08879
66,65.787109375,65.65653446134104,64.77333333333333,65.553825
63,63.228515625,63.107271225594374,63.013333333333335,63.294872
66,66.3125,66.2727783742529,66.06666666666666,66.13551
66,65.837890625,65.84108948997893,64.92333333333333,65.25201
65,65.125,65.50688496777676,63.833333333333336,64.93077
66,65.42578125,65.16733008366802,66.42666666666666,65.08232
61,61.173828125,61.14158344172229,61.8,61.636395
66,65.259765625,65.17322247153733,65.59333333333333,65.1468
66,65.8671875,65.68879271997478,66.61666666666666,66.15723
70,69.87109375,69.79971362620472,70.30666666666667,70.06079
65,64.67578125,64.87645469095497,64.04666666666667,64.355415
67,67.048828125,66.686394168535,67.04,67.14994
66,66.384765625,66.1464554388773,65.96666666666667,66.42041
67,67.171875,67.34199191662401,66.76,66.91967
69,68.333984375,68.0303308956124,68.75,68.5379
65,64.453125,64.48621972853789,64.90666666666667,64.36775
72,71.771484375,71.43692305988739,71.19333333333333,71.6852
61,60.8515625,60.514708136797196,60.82,61.05293
68,67.587890625,67.52945930352352,69.04666666666667,67.7786
68,68.236328125,68.35950470111251,67.92333333333333,68.02538
67,66.591796875,66.53218268401756,66.09333333333333,66.51441
68,67.677734375,67.61212992985647,67.71666666666667,67.71576
66,66.2578125,66.29682308802545,65.58666666666667,66.29376
66,65.443359375,65.095281855712,65.47333333333333,65.6999
72,72.3203125,72.1330669410152,71.37333333333333,71.92845
63,63.458984375,63.45481001487018,65.61333333333333,63.04784
63,63.1640625,63.303284909065894,63.43,62.47884
64,64.380859375,64.28085146772659,65.24,64.09026
68,67.822265625,68.1090191902155,69.45666666666666,67.86578
63,63.423828125,63.894112635962685,61.486666666666665,63.642513
68,67.78515625,67.82728727352995,67.71333333333334,67.816574
69,69.0078125,68.90416009131364,70.22333333333333,69.171844
70,69.673828125,69.6120317042571,70.52333333333333,69.57953
70,69.87109375,69.9454099672515,69.23333333333333,69.790344
68,68.537109375,68.68346896845094,69.85333333333334,68.41761
62,61.951171875,61.35030839496998,62.306666666666665,62.041855
60,60.419921875,60.69335398810744,61.07,60.462452
69,69.357421875,69.377208406509,68.21333333333334,68.86118
65,65.228515625,65.43827906968342,65.64,65.62883
66,66.455078125,66.61785481374314,67.15,66.598564
68,68.037109375,67.93453323205422,67.81666666666666,68.32965
72,71.8125,71.95093233963625,72.13333333333334,72.40711
75,74.83203125,75.11366995197658,71.88333333333334,74.295425
65,64.62109375,64.82130104719971,66.91666666666667,64.96515
63,62.486328125,62.47513553660029,62.29666666666667,62.335484
63,63.1328125,62.78650377314812,63.49333333333333,63.237183
63,62.875,62.88186144204312,63.083333333333336,63.069744
61,60.658203125,61.18702907838387,61.836666666666666,60.79586
65,64.5078125,64.53550001958814,63.89666666666667,64.19659
72,71.900390625,71.62760259807719,71.88666666666667,72.050415
61,61.298828125,61.40056438388311,62.54,61.4751
69,68.4921875,68.23924484557533,68.18,67.9776
64,63.611328125,63.7014964142142,64.23333333333333,63.828865
68,68.30859375,68.42697871005626,66.36,67.85457
70,70.16015625,70.36496144084857,70.18,70.04729
67,66.51171875,66.45974262765255,66.52,66.53251
69,69.3125,69.10458376050104,69.26333333333334,69.19784
65,65.203125,64.90397322370714,66.00333333333333,65.013275
67,66.541015625,66.66415315172554,67.45,66.237915
65,65.265625,65.46168125579948,67.81333333333333,65.336586
65,65.107421875,65.29602573854363,63.47666666666667,64.7829
75,75.068359375,74.61958486680479,72.66666666666667,74.63612
72,71.41015625,71.69897030307988,71.93666666666667,71.83578
71,70.974609375,71.1277960760913,70.91,71.09681
73,72.748046875,72.96407232350576,71.92666666666666,72.46665
72,71.873046875,71.59581426725919,70.73666666666666,71.404945
67,66.671875,66.49251884051651,66.2,65.83219
69,69.65625,69.7150080295935,68.81,69.62199
70,70.1171875,69.83776522702102,69.46333333333334,69.575356
70,69.970703125,69.95114895914301,70.25,69.95087
59,58.763671875,58.899789912536455,60.65,58.845207
68,68.123046875,68.11996309109901,68.79,68.44634
68,68.015625,68.07193762559554,67.34333333333333,68.08974
70,70.2265625,70.02933689029584,70.55,70.05774
59,59.638671875,60.507289788282804,61.45666666666666,60.095047
70,70.072265625,70.44754256949106,70.53,70.038
68,67.947265625,68.12134489299444,68.47,68.13132
62,61.73046875,61.76505943585393,62.02,61.58736
70,70.501953125,70.54477171281222,70.83,70.142494
61,60.873046875,61.25834892571247,63.11666666666667,61.39082
71,71.404296875,71.55533440617769,70.47,71.42746
65,64.56640625,64.44152196470975,64.37666666666667,64.327415
69,69.263671875,69.39867779453081,69.2,69.16435
70,69.83984375,70.05565554242241,68.41,69.715675
71,70.455078125,70.19331913056422,69.20666666666666,70.12281
74,73.74609375,74.01489761011484,71.29,73.40632
68,67.841796875,67.6086942321781,68.21666666666667,67.78035
64,63.91796875,63.98723704792264,63.88,63.83797
67,67.205078125,66.97971890491752,69.24666666666667,67.080864
68,68.25,68.46515897769243,68.4,68.51589
66,66.05859375,66.19528085871015,65.81333333333333,66.28753
70,69.826171875,69.8595555670999,70.17333333333333,70.27948
65,64.546875,64.15252543526091,64.63666666666667,64.60815
63,62.95703125,62.86797747433574,62.39333333333333,63.175934
64,64.49609375,64.53320411239419,65.20666666666666,65.01098
70,69.5703125,69.37033656766306,69.35,69.86624
67,66.96875,66.95363468259306,67.91,66.83814
68,68.095703125,68.17581097769555,68.76333333333334,68.6612
63,62.76171875,62.88261736248628,62.333333333333336,63.313923
63,62.732421875,62.54098020511046,63.876666666666665,63.05792
66,66.130859375,66.38742404546258,67.36666666666666,66.45333
68,68.119140625,68.1913208355673,67.61,67.8996
75,74.494140625,74.31972272716831,72.53666666666666,74.54205
70,69.48828125,69.78892982652121,69.73,69.426765
71,70.427734375,70.43749726473602,70.12333333333333,70.134155
66,65.515625,65.03248533616247,65.63666666666667,65.29991
66,65.677734375,65.37786335405012,65.64666666666666,65.240456
68,68.142578125,68.2393339567145,67.74333333333334,67.86314
68,68.38671875,68.31034966288246,69.71333333333334,68.24321
71,70.69921875,70.85749833991447,69.29666666666667,70.144226
67,66.78515625,66.055356597884,67.34666666666666,66.44738
71,71.0703125,70.8452553347794,68.71,70.72035
67,66.564453125,66.59595623882406,68.71,66.692474
73,73.19921875,72.97412047803404,73.14333333333333,73.49603
65,65.48828125,65.55183956596754,64.93196969696969,65.64724
69,69.25390625,69.32236542033853,68.52666666666667,69.34321
68,67.51171875,67.53953191820797,67.49,67.765205
65,64.431640625,64.6839070682871,64.18,64.11714
65,64.755859375,64.7960837038799,66.94,65.02704
67,66.87109375,66.65178655843016,66.32333333333334,66.97324
64,63.82421875,63.967589758867014,63.53333333333333,63.72777
65,65.55859375,65.63618926411164,65.75666666666666,65.58331
72,72.619140625,72.22641306744909,70.77666666666667,71.769905
68,67.875,67.8713873324364,68.86666666666666,67.86302
68,67.7890625,67.54394831543749,68.56,67.94957
69,69.1953125,69.43421237751124,68.87333333333333,69.147156
61,61.060546875,60.50728459719408,61.21666666666667,60.801
71,70.4921875,70.61741225184424,70.54333333333334,70.39415
66,66.00390625,65.97138622369322,65.76666666666667,65.93061
64,63.923828125,64.35165050528832,65.46333333333334,64.29349
68,67.943359375,68.49923979818101,67.90333333333334,68.37419
64,64.306640625,64.43428622702707,63.763333333333335,64.26225
66,66.41015625,66.28587418656633,66.23,66.515594
62,61.708984375,61.47423654913629,62.00666666666667,61.955097
65,64.9296875,64.80029388444937,65.36333333333333,64.71326
69,69.513671875,70.1029713643724,69.21333333333334,69.34597
68,67.740234375,67.67698859877004,68.28333333333333,67.97396
70,70.044921875,69.79771948778694,70.75,70.0429
69,68.7890625,68.6949817339176,68.94,68.729935
69,69.287109375,69.32782163117959,69.94333333333333,69.20827
69,69.068359375,69.20998164090103,69.04666666666667,68.951164
65,64.6328125,64.34079209224427,63.586666666666666,64.33666
65,65.578125,65.72051910233994,65.90666666666667,65.43832
65,64.763671875,64.3382719084303,64.01333333333334,64.34785
68,67.8671875,67.93865690610423,68.68333333333334,68.45718
67,67.1796875,66.95331661176566,66.45,66.805435
69,68.693359375,68.47338773933033,68.36,69.10218
74,73.576171875,73.8861591666761,73.18,73.681435
61,60.36328125,60.66807090068908,62.03666666666667,60.664818
65,65.294921875,65.07247272061691,65.53,64.90993
66,66.306640625,66.46324476277658,66.21666666666667,66.062256
71,70.763671875,69.51437871282722,70.60666666666667,71.311424
62,61.9375,62.195819202960415,62.32333333333333,62.149
66,66.11328125,65.75881942942556,66.36,66.43582
65,64.625,64.81588075317914,63.81333333333333,65.12837
59,58.4375,58.96428630336083,60.35666666666667,59.042675
72,72.185546875,71.87984222439324,70.95666666666666,71.76182
66,65.923828125,65.9653470291457,64.56333333333333,65.85135
62,62.154296875,62.17343222829232,63.15,62.444023
69,68.6640625,68.43422631019529,67.97666666666667,68.333725
69,68.765625,68.83849912882178,67.63666666666667,68.06372
66,66.283203125,66.21803928302492,65.91541666666667,66.4917
63,63.02734375,62.8568587518344,62.446666666666665,62.999817
68,68.173828125,68.53843127711171,66.33,68.37182
68,67.908203125,67.8317784929895,69.94,68.20577
67,67.115234375,67.18610754222988,67.36,67.730316
64,64.1796875,64.39216906517343,64.84,64.58976
68,67.95703125,67.9353837636424,68.21,67.93821
67,67.69140625,67.88581847768195,67.62333333333333,67.93128
66,65.462890625,64.87052155939423,65.52,65.46674
63,62.630859375,62.85163350882192,63.07,62.766376
66,66.236328125,66.09169108235272,65.32333333333334,65.94608
65,65.0546875,64.99784557268495,65.35333333333334,65.34645
68,67.56640625,67.23396566603485,68.06,67.86865
69,69.359375,69.38468575451107,67.94,68.945206
64,63.50390625,63.17544613826379,64.62666666666667,63.488213
67,66.873046875,67.0792846046061,67.90333333333334,67.18417
65,65.111328125,65.22485382223195,64.96,64.895256
70,69.576171875,69.64545173076748,69.01,69.48973
69,69.1796875,69.15786355969354,67.90222222222222,69.021904
63,63.29296875,63.46775556111529,64.43666666666667,63.2987
67,66.98046875,66.83456370084028,66.80666666666667,66.79193
61,61.33203125,62.45425042986723,63.35,61.555473
64,64.041015625,64.17527352958206,63.55,63.96922
71,71.173828125,70.99382435167794,70.47666666666667,71.54035
69,68.82421875,68.58728922962047,69.41666666666667,69.45283
63,62.638671875,62.376850002285195,62.516666666666666,62.73267
72,72.19921875,72.11772244707444,71.61333333333333,71.964424
65,65.046875,65.34935330197703,65.08333333333333,64.916954
66,65.966796875,66.15219435165588,64.62333333333333,66.020355
69,69.3984375,69.30900702309546,68.73666666666666,69.25108
68,68.337890625,68.18476010715023,66.13333333333334,67.86623
66,66.12890625,66.1975567931984,67.77333333333333,66.85648
69,69.181640625,69.22211875554332,68.90333333333334,68.92958
65,64.53125,64.30942484145052,63.516666666666666,64.50185
72,71.712890625,71.7067200732739,70.68,71.74307
67,67.140625,67.47386648053525,66.94,67.354294
72,71.94921875,71.91670114172634,70.38333333333334,72.110695
69,69.279296875,69.30358784047093,69.11333333333333,69.87603
68,68.37109375,68.38364215160458,67.90666666666667,68.0305
67,67.37890625,67.93621626538774,67.77,67.39678
68,67.642578125,67.2219460882807,68.35666666666667,67.83815
64,64.134765625,63.78305990821597,64.24666666666667,63.987225
64,64.072265625,64.21590596117206,64.52333333333333,64.06832
64,63.654296875,63.72883118769789,63.96,63.41141
